{"styles":[{"name":"Montserrat-gray","font":"Montserrat-Bold","size":48,"color":{"red":0.9617109894752502,"green":0.6503673195838928,"blue":0.1385422945022583,"alpha":1},"alignment":0,"spacing":0.6000000238418579,"lineHeight":0,"textTransform":0}]}